{
  "repeat_count": 50,
  "feature_extraction": {
    "mean_ms": 0.02280400018207729,
    "p50_ms": 0.020799998310394585,
    "p95_ms": 0.03891999986080917
  },
  "head_inference": {
    "mean_ms": 0.0016159997903741896,
    "p50_ms": 0.0014999968698248267,
    "p95_ms": 0.0022549993445863943
  },
  "total": {
    "mean_ms": 0.023675999836996198,
    "p50_ms": 0.022100000933278352,
    "p95_ms": 0.034384996251901584
  },
  "artifact_path": null
}