{
  "feature_names": [
    "date_density_proxy",
    "digit_count",
    "entity_like_token_density_proxy",
    "late_position_numeric_density",
    "novelty_ratio_proxy",
    "numeric_density",
    "prompt_response_lexical_divergence",
    "prompt_response_overlap",
    "punctuation_count",
    "response_length",
    "sentence_count_proxy",
    "token_count_proxy"
  ],
  "weights": [
    0.07496617060056741,
    8.295313605784985,
    -1.088973384174478,
    0.23334184146593218,
    0.41605794586826395,
    0.22020607715715448,
    -0.14860098365906751,
    -2.6439958571068365,
    -0.529540604223229,
    -0.7840821085908917,
    -2.2279379112385733,
    0.3072311013810066
  ],
  "bias": -2.2279379112385733
}