{
  "repeat_count": 50,
  "feature_extraction": {
    "mean_ms": 0.017245999624719843,
    "p50_ms": 0.017499998648418114,
    "p95_ms": 0.022204997731023465
  },
  "head_inference": {
    "mean_ms": 0.001769999653333798,
    "p50_ms": 0.001400003384333104,
    "p95_ms": 0.0023649961804039768
  },
  "total": {
    "mean_ms": 0.018372000340605155,
    "p50_ms": 0.01880000127130188,
    "p95_ms": 0.02416000461380462
  },
  "artifact_path": null
}