{
  "baseline_pr_auc": 0.5,
  "token_pr_auc": 0.5833333333333333,
  "pr_auc_delta": 0.08333333333333326,
  "baseline_latency_total_p50_ms": 0.009250001312466338,
  "provider_latency_total_p50_ms": 22.238800003833603,
  "latency_delta_total_p50_ms": 22.229550002521137,
  "provider_latency_breakdown_p50_ms": {
    "token_stat_collection": 23.468100000172853,
    "feature_aggregation": 0.048999994760379195,
    "head_inference": 0.0092999980552122,
    "total": 22.238800003833603
  }
}