{
  "repeat_count": 50,
  "feature_extraction": {
    "mean_ms": 0.008890000462997705,
    "p50_ms": 0.00910000380827114,
    "p95_ms": 0.010710001515690237
  },
  "head_inference": {
    "mean_ms": 0.0011080002877861261,
    "p50_ms": 0.0010000003385357559,
    "p95_ms": 0.0012000018614344299
  },
  "total": {
    "mean_ms": 0.009745999122969806,
    "p50_ms": 0.010099996870849282,
    "p95_ms": 0.010829998427652752
  },
  "artifact_path": null
}