{
  "response_delimiter": "\n\n### Response:\n",
  "baseline_pr_auc": 0.5,
  "token_pr_auc": 0.8333333333333333,
  "pr_auc_delta": 0.33333333333333326,
  "baseline_latency_total_p50_ms": 0.00910000380827114,
  "baseline_latency_total_p95_ms": 0.012814997535315337,
  "provider_latency_total_p50_ms": 24.18480000051204,
  "provider_latency_total_p95_ms": 26.052500000514556,
  "latency_delta_total_p50_ms": 24.17569999670377,
  "latency_delta_total_p95_ms": 26.03968500297924,
  "provider_latency_breakdown_p50_ms": {
    "token_stat_collection": 21.742500000982545,
    "feature_aggregation": 0.04130000161239877,
    "head_inference": 0.007700000423938036,
    "total": 24.18480000051204
  },
  "alignment_checks": {
    "'Hello'|'world'": {
      "count": 1,
      "tokens_repr": [
        "'world'"
      ]
    },
    "''|'world'": {
      "count": 1,
      "tokens_repr": [
        "'world'"
      ]
    },
    "'Question:'|' Paris'": {
      "count": 1,
      "tokens_repr": [
        "'\\u0120Paris'"
      ]
    },
    "'Long prompt text'|'long response text'": {
      "count": 3,
      "tokens_repr": [
        "'long'",
        "'\\u0120response'",
        "'\\u0120text'"
      ]
    }
  }
}