{
  "repeat_count": 50,
  "feature_extraction": {
    "mean_ms": 0.013576000492321327,
    "p50_ms": 0.013199998647905886,
    "p95_ms": 0.018884998280555006
  },
  "head_inference": {
    "mean_ms": 0.001348000077996403,
    "p50_ms": 0.0011000010999850929,
    "p95_ms": 0.0020550010958686467
  },
  "total": {
    "mean_ms": 0.013798000290989876,
    "p50_ms": 0.014049997844267637,
    "p95_ms": 0.018594999346532855
  },
  "artifact_path": null
}