{
  "feature_names": [
    "digit_count",
    "novelty_ratio_proxy",
    "prompt_response_overlap",
    "punctuation_count",
    "response_length",
    "sentence_count_proxy",
    "token_count_proxy"
  ],
  "weights": [
    8.530043672224048,
    0.43020192698629794,
    -2.677271284294854,
    -0.5462660103980121,
    -0.754566343971114,
    -2.247069357308556,
    0.4009222883377788
  ],
  "bias": -2.247069357308556
}