{
  "repeat_count": 5,
  "token_stat_collection": {
    "mean_ms": 43.66155999887269,
    "p50_ms": 39.010599997709505,
    "p95_ms": 54.91377999569522
  },
  "feature_aggregation": {
    "mean_ms": 0.06681999802822247,
    "p50_ms": 0.0672999958624132,
    "p95_ms": 0.07858000026317313
  },
  "head_inference": {
    "mean_ms": 0.011839998478535563,
    "p50_ms": 0.011600001016631722,
    "p95_ms": 0.014439997903537005
  },
  "total": {
    "mean_ms": 52.12185999844223,
    "p50_ms": 56.57549999887124,
    "p95_ms": 72.24153999704868
  },
  "artifact_path": null
}