{
  "repeat_count": 5,
  "token_stat_collection": {
    "mean_ms": 22.508859999652486,
    "p50_ms": 23.468100000172853,
    "p95_ms": 24.53185999765992
  },
  "feature_aggregation": {
    "mean_ms": 0.049760000547394156,
    "p50_ms": 0.048999994760379195,
    "p95_ms": 0.05736000166507438
  },
  "head_inference": {
    "mean_ms": 0.009320001117885113,
    "p50_ms": 0.0092999980552122,
    "p95_ms": 0.01060000213328749
  },
  "total": {
    "mean_ms": 22.489780001342297,
    "p50_ms": 22.238800003833603,
    "p95_ms": 23.89802000107011
  },
  "artifact_path": null
}