{
  "repeat_count": 10,
  "feature_extraction": {
    "mean_ms": 0.011720000475179404,
    "p50_ms": 0.008049999451031908,
    "p95_ms": 0.027465002494864138
  },
  "head_inference": {
    "mean_ms": 0.002069999754894525,
    "p50_ms": 0.0012000018614344299,
    "p95_ms": 0.005689998943125827
  },
  "total": {
    "mean_ms": 0.010169999586651102,
    "p50_ms": 0.009250001312466338,
    "p95_ms": 0.014045000352780333
  },
  "artifact_path": null
}