{
  "repeat_count": 5,
  "token_stat_collection": {
    "mean_ms": 21.676039998419583,
    "p50_ms": 21.742500000982545,
    "p95_ms": 23.118880001129583
  },
  "feature_aggregation": {
    "mean_ms": 0.04208000027574599,
    "p50_ms": 0.04130000161239877,
    "p95_ms": 0.04608000162988901
  },
  "head_inference": {
    "mean_ms": 0.00788000033935532,
    "p50_ms": 0.007700000423938036,
    "p95_ms": 0.008359998173546046
  },
  "total": {
    "mean_ms": 23.300899998866953,
    "p50_ms": 24.18480000051204,
    "p95_ms": 26.052500000514556
  },
  "artifact_path": null
}