{
  "repeat_count": 50,
  "feature_extraction": {
    "mean_ms": 0.0077519999467767775,
    "p50_ms": 0.007299997378140688,
    "p95_ms": 0.011059996177209538
  },
  "head_inference": {
    "mean_ms": 0.001601999974809587,
    "p50_ms": 0.0015000005078036338,
    "p95_ms": 0.002154997855541296
  },
  "total": {
    "mean_ms": 0.008988000045064837,
    "p50_ms": 0.008700000762473792,
    "p95_ms": 0.011340001583448603
  },
  "artifact_path": null
}