{
  "feature_names": [
    "digit_count",
    "novelty_ratio_proxy",
    "prompt_response_overlap",
    "punctuation_count",
    "response_length",
    "sentence_count_proxy",
    "token_confidence_decay",
    "token_count_proxy",
    "token_entropy_mean",
    "token_mean_logprob",
    "token_min_logprob",
    "token_tail_low_confidence_rate",
    "token_top1_top2_margin_mean"
  ],
  "weights": [
    1.9830258555193907,
    0.0026415229323877945,
    0.0,
    0.0,
    -0.46669971162358254,
    0.0026415229323877945,
    0.4382602990846179,
    0.005283045864775589,
    0.24631197914741876,
    -0.22000917807649925,
    -0.4391393276188081,
    0.24787823193992384,
    -0.10415185452935548
  ],
  "bias": 0.0026415229323877945
}