{
  "repeat_count": 10,
  "feature_extraction": {
    "mean_ms": 0.02218000081484206,
    "p50_ms": 0.019400002202019095,
    "p95_ms": 0.036699999691336416
  },
  "head_inference": {
    "mean_ms": 0.0028100002964492887,
    "p50_ms": 0.0023000029614195228,
    "p95_ms": 0.0053750005463371045
  },
  "total": {
    "mean_ms": 0.022370000078808516,
    "p50_ms": 0.021850002667633817,
    "p95_ms": 0.0315150013193488
  },
  "artifact_path": null
}