{
  "repeat_count": 10,
  "feature_extraction": {
    "mean_ms": 0.008290001278510317,
    "p50_ms": 0.008100003469735384,
    "p95_ms": 0.009445002433494663
  },
  "head_inference": {
    "mean_ms": 0.0014000004739500582,
    "p50_ms": 0.0012000018614344299,
    "p95_ms": 0.002400002995273096
  },
  "total": {
    "mean_ms": 0.009780000982573256,
    "p50_ms": 0.00910000380827114,
    "p95_ms": 0.012814997535315337
  },
  "artifact_path": null
}