{
  "model_source": "distilgpt2",
  "response_delimiter": "\n\n### Response:\n",
  "baseline_total_p50_ms": 0.021850002667633817,
  "baseline_total_p95_ms": 0.0315150013193488,
  "provider_total_p50_ms": 56.57549999887124,
  "provider_total_p95_ms": 72.24153999704868,
  "token_stat_collection_p50_ms": 39.010599997709505,
  "feature_aggregation_p50_ms": 0.0672999958624132,
  "head_inference_p50_ms": 0.011600001016631722
}