{
  "pr_auc_scores": {
    "baseline_old_token": 1.0,
    "with_variance": 1.0,
    "with_segments": 1.0,
    "with_span_tail": 1.0,
    "with_specialized": 1.0,
    "full_enriched": 1.0
  },
  "pr_auc_delta_full_vs_old": 0.0,
  "latency_ms": {
    "old_token_baseline_mean": 0.0022567501582670957,
    "full_enriched_mean": 0.029913049780589063,
    "delta_mean": 0.027656299622321967,
    "old_token_baseline_p95": 0.0030000010156072676,
    "full_enriched_p95": 0.039200000173877925
  }
}